"","word"
"1","thematic"
"2","call"
"3","internationale"
"4","cdata"
"5","config"
"6","system"
"7","code"
"8","live"
"9","lazy"
"10","loading"
"11","optimized"
"12","fast"
"13","onload"
"14","load"
"15","visible"
"16","elements"
"17","src"
"18","local"
"19","regular"
"20","local"
"21","regular"
"22","assets"
"23","base"
"24","bundessans"
"25","src"
"26","local"
"27","medium"
"28","local"
"29","medium"
"30","assets"
"31","base"
"32","bundessans"
"33","src"
"34","local"
"35","local"
"36","assets"
"37","base"
"38","bundessans"
"39","src"
"40","local"
"41","bundesserifweb"
"42","local"
"43","bundesserifweb"
"44","assets"
"45","base"
"46","bundesserif"
"47","tracker"
"48","methods"
"49","like"
"50","called"
"51","settrackerurl"
"52","document"
"53","script"
"54","script"
"55","context"
"56","breadcrumb"
"57","climate"
"58","find"
"59","funding"
"60","find"
"61","funding"
"62","climate"
"63","find"
"64","funding"
"65","thematic"
"66","call"
"67","thematic"
"68","call"
"69","climate"
"70","find"
"71","funding"
"72","thematic"
"73","call"
"74","thematic"
"75","call"
"76","thematic"
"77","call"
"78","context"
"79","climate"
"80","climate"
"81","find"
"82","funding"
"83","find"
"84","funding"
"85","climate"
"86","find"
"87","funding"
"88","thematic"
"89","call"
"90","thematic"
"91","call"
"92","climate"
"93","find"
"94","funding"
"95","thematic"
"96","call"
"97","thematic"
"98","call"
"99","thematic"
"100","call"
"101","looks"
"102","like"
"103","disabled"
"104","site"
"105","still"
"106","viewable"
"107","keep"
"108","mind"
"109","interactive"
"110","features"
"111","work"
"112","sign"
"113","plain"
"114","deutsch"
"115","find"
"116","funding"
"117","manage"
"118","project"
"119","project"
"120","sign"
"121","plain"
"122","site"
"123","funding"
"124","philosophy"
"125","funding"
"126","area"
"127","mitigating"
"128","greenhouse"
"129","gas"
"130","emissions"
"131","funding"
"132","area"
"133","adaptation"
"134","climate"
"135","change"
"136","funding"
"137","area"
"138","natural"
"139","sinks"
"140","redd"
"141","funding"
"142","area"
"143","conserving"
"144","biodiversity"
"145","countries"
"146","global"
"147","initiatives"
"148","annual"
"149","reports"
"150","values"
"151","responsibility"
"152","local"
"153","gender"
"154","safeguards"
"155","transparency"
"156","iati"
"157","impact"
"158","learning"
"159","uses"
"160","monitoring"
"161","evaluation"
"162","find"
"163","funding"
"164","thematic"
"165","call"
"166","thematic"
"167","call"
"168","thematic"
"169","call"
"170","thematic"
"171","call"
"172","thematic"
"173","call"
"174","thematic"
"175","call"
"176","thematic"
"177","call"
"178","country"
"179","call"
"180","peru"
"181","argentina"
"182","costa"
"183","rica"
"184","india"
"185","country"
"186","call"
"187","indonesia"
"188","colombia"
"189","mexico"
"190","philippines"
"191","south"
"192","africa"
"193","thailand"
"194","ukraine"
"195","nam"
"196","medium"
"197","grants"
"198","medium"
"199","grants"
"200","call"
"201","call"
"202","call"
"203","small"
"204","grants"
"205","call"
"206","call"
"207","small"
"208","grants"
"209","manage"
"210","project"
"211","report"
"212","project"
"213","progress"
"214","submit"
"215","amendment"
"216","request"
"217","project"
"218","public"
"219","relations"
"220","project"
"221","independent"
"222","mechanism"
"223","icm"
"224","file"
"225","topics"
"226","webspecials"
"227","learning"
"228","packs"
"229","press"
"230","events"
"231","find"
"232","funding"
"233","thematic"
"234","call"
"235","thematic"
"236","call"
"237","thematic"
"238","call"
"239","participation"
"240","ideas"
"241","commissioning"
"242","within"
"243","framework"
"244","thematic"
"245","call"
"246","preceded"
"247","ideas"
"248","competition"
"249","participation"
"250","ideas"
"251","competition"
"252","thematic"
"253","call"
"254","german"
"255","international"
"256","grant"
"257","recipients"
"258","well"
"259","implementing"
"260","organisations"
"261","german"
"262","federal"
"263","government"
"264","participate"
"265","ideas"
"266","competition"
"267","thematic"
"268","call"
"269","interested"
"270","implementing"
"271","organisations"
"272","invited"
"273","submit"
"274","project"
"275","outline"
"276","responding"
"277","thematic"
"278","priorities"
"279","listed"
"280","find"
"281","detailed"
"282","description"
"283","thematic"
"284","priorities"
"285","statusthe"
"286","deadline"
"287","submitting"
"288","project"
"289","outlines"
"290","ideas"
"291","competition"
"292","february"
"293","projects"
"294","thematic"
"295","priority"
"296","selected"
"297","funding"
"298","volume"
"299","provided"
"300","project"
"301","can"
"302","range"
"303","million"
"304","eur"
"305","depending"
"306","thematic"
"307","priority"
"308","submit"
"309","project"
"310","outline"
"311","office"
"312","zukunft"
"313","gesellschaft"
"314","zug"
"315","ggmbh"
"316","berlin"
"317","office"
"318","phone"
"319","hours"
"320","mondays"
"321","cest"
"322","cest"
"323","thematic"
"324","priorities"
"325","following"
"326","thematic"
"327","priorities"
"328","available"
"329","climate"
"330","friendly"
"331","transport"
"332","support"
"333","partner"
"334","countries"
"335","creation"
"336","foundations"
"337","strategies"
"338","concrete"
"339","approaches"
"340","climate"
"341","action"
"342","propulsion"
"343","energy"
"344","transition"
"345","transport"
"346","bmwk"
"347","embodied"
"348","carbon"
"349","decarbonisation"
"350","construction"
"351","basic"
"352","materials"
"353","industry"
"354","bmwk"
"355","flexibilisation"
"356","distribution"
"357","grids"
"358","integration"
"359","high"
"360","proportions"
"361","renewable"
"362","energies"
"363","bmwk"
"364","support"
"365","partner"
"366","countries"
"367","adjustment"
"368","mechanism"
"369","cbam"
"370","carbon"
"371","pricing"
"372","decarbonisation"
"373","industry"
"374","bmwk"
"375","scaling"
"376","successful"
"377","mitigation"
"378","relevant"
"379","approaches"
"380","fields"
"381","energy"
"382","energy"
"383","efficiency"
"384","industry"
"385","finance"
"386","mobility"
"387","bmwk"
"388","closing"
"389","loop"
"390","circular"
"391","resource"
"392","efficient"
"393","management"
"394","driver"
"395","climate"
"396","environmental"
"397","protection"
"398","especially"
"399","emerging"
"400","economies"
"401","bmuv"
"402","climate"
"403","information"
"404","services"
"405","promotion"
"406","regional"
"407","systems"
"408","evidence"
"409","based"
"410","nap"
"411","processes"
"412","strengthen"
"413","resilience"
"414","people"
"415","ecosystems"
"416","bmuv"
"417","protecting"
"418","restoring"
"419","strengthening"
"420","resilience"
"421","mountain"
"422","peatlands"
"423","latin"
"424","america"
"425","well"
"426","peatlands"
"427","argentinian"
"428","part"
"429","patagonia"
"430","bmuv"
"431","capacities"
"432","structures"
"433","ambitious"
"434","biodiversity"
"435","conservation"
"436","sub"
"437","national"
"438","level"
"439","bmuv"
"440","resilience"
"441","biodiversity"
"442","networking"
"443","restoration"
"444","protected"
"445","areas"
"446","oecms"
"447","highly"
"448","degraded"
"449","areas"
"450","sub"
"451","saharan"
"452","africa"
"453","bmuv"
"454","negotiating"
"455","high"
"456","seas"
"457","support"
"458","implementation"
"459","bbnj"
"460","treaty"
"461","marine"
"462","protection"
"463","bmuv"
"464","diverse"
"465","cultural"
"466","world"
"467","views"
"468","equitable"
"469","protection"
"470","approaches"
"471","bmuv"
"472","accelerating"
"473","energy"
"474","transition"
"475","sub"
"476","saharan"
"477","africa"
"478","federal"
"479","foreign"
"480","office"
"481","relevant"
"482","information"
"483","ideas"
"484","competition"
"485","general"
"486","projects"
"487","implemented"
"488","organisations"
"489","germany"
"490","abroad"
"491","receive"
"492","funding"
"493","grants"
"494","basis"
"495","set"
"496","funding"
"497","announcement"
"498","funding"
"499","announcement"
"500","thematic"
"501","call"
"502","information"
"503","implementing"
"504","organisations"
"505","german"
"506","federal"
"507","government"
"508","example"
"509","giz"
"510","kfw"
"511","participate"
"512","ideas"
"513","competition"
"514","provided"
"515","following"
"516","document"
"517","document"
"518","available"
"519","german"
"520","information"
"521","implementing"
"522","organisations"
"523","german"
"524","federal"
"525","government"
"526","thematic"
"527","call"
"528","german"
"529","thematic"
"530","priorities"
"531","explained"
"532","detail"
"533","following"
"534","document"
"535","thematic"
"536","priorities"
"537","thematic"
"538","call"
"539","links"
"540","thematic"
"541","call"
"542","safeguards"
"543","gender"
"544","strategy"
"545","independent"
"546","mechanism"
"547","save"
"548","online"
"549","seminar"
"550","thematic"
"551","call"
"552","dates"
"553","register"
"554","now"
"555","share"
"556","link"
"557","climate"
"558","link"
"559","copied"
"560","clipboard"
"561","find"
"562","funding"
"563","manage"
"564","project"
"565","file"
"566","projects"
"567","worldwide"
"568","opens"
"569","projectmap"
"570","topics"
"571","preserving"
"572","restoring"
"573","natural"
"574","carbon"
"575","sinks"
"576","mitigating"
"577","greenhouse"
"578","gas"
"579","emissions"
"580","adapting"
"581","impacts"
"582","climate"
"583","change"
"584","cross"
"585","cutting"
"586","topics"
"587","conserving"
"588","biological"
"589","diversity"
"590","international"
"591","climate"
"592","initiative"
"593","key"
"594","instruments"
"595","german"
"596","federal"
"597","government"
"598","support"
"599","international"
"600","climate"
"601","action"
"602","biodiversity"
"603","supports"
"604","solution"
"605","strategies"
"606","developing"
"607","emerging"
"608","countries"
"609","seek"
"610","achieve"
"611","sustainable"
"612","change"
"613","legal"
"614","notice"
"615","cookie"
"616","declaration"
"617","privacy"
"618","policy"
"619","mechanism"
"620","links"
