"","word","n"
"1","thematic",37
"2","call",36
"3","funding",21
"4","climate",16
"5","find",13
"6","project",11
"7","local",9
"8","bmuv",7
"9","german",7
"10","ideas",7
"11","competition",6
"12","priorities",6
"13","bmwk",5
"14","federal",5
"15","grants",5
"16","organisations",5
"17","area",4
"18","assets",4
"19","base",4
"20","biodiversity",4
"21","countries",4
"22","document",4
"23","energy",4
"24","government",4
"25","implementing",4
"26","information",4
"27","mechanism",4
"28","medium",4
"29","src",4
"30","support",4
"31","africa",3
"32","approaches",3
"33","bundessans",3
"34","carbon",3
"35","change",3
"36","following",3
"37","industry",3
"38","international",3
"39","manage",3
"40","office",3
"41","projects",3
"42","protection",3
"43","resilience",3
"44","sub",3
"45","submit",3
"46","topics",3
"47","action",2
"48","announcement",2
"49","areas",2
"50","available",2
"51","bundesserifweb",2
"52","cest",2
"53","conserving",2
"54","context",2
"55","country",2
"56","decarbonisation",2
"57","emerging",2
"58","emissions",2
"59","file",2
"60","gas",2
"61","gender",2
"62","greenhouse",2
"63","high",2
"64","independent",2
"65","learning",2
"66","like",2
"67","link",2
"68","links",2
"69","mitigating",2
"70","natural",2
"71","outline",2
"72","participate",2
"73","participation",2
"74","partner",2
"75","peatlands",2
"76","plain",2
"77","priority",2
"78","provided",2
"79","regular",2
"80","relevant",2
"81","restoring",2
"82","safeguards",2
"83","saharan",2
"84","script",2
"85","sign",2
"86","sinks",2
"87","site",2
"88","small",2
"89","strategies",2
"90","transition",2
"91","transport",2
"92","well",2
"93","abroad",1
"94","accelerating",1
"95","achieve",1
"96","adaptation",1
"97","adapting",1
"98","adjustment",1
"99","ambitious",1
"100","amendment",1
"101","america",1
"102","annual",1
"103","argentina",1
"104","argentinian",1
"105","based",1
"106","basic",1
"107","basis",1
"108","bbnj",1
"109","berlin",1
"110","biological",1
"111","breadcrumb",1
"112","bundesserif",1
"113","called",1
"114","can",1
"115","capacities",1
"116","cbam",1
"117","cdata",1
"118","circular",1
"119","clipboard",1
"120","closing",1
"121","code",1
"122","colombia",1
"123","commissioning",1
"124","concrete",1
"125","config",1
"126","conservation",1
"127","construction",1
"128","cookie",1
"129","copied",1
"130","costa",1
"131","creation",1
"132","cross",1
"133","cultural",1
"134","cutting",1
"135","dates",1
"136","deadline",1
"137","declaration",1
"138","degraded",1
"139","depending",1
"140","description",1
"141","detail",1
"142","detailed",1
"143","deutsch",1
"144","developing",1
"145","disabled",1
"146","distribution",1
"147","diverse",1
"148","diversity",1
"149","driver",1
"150","economies",1
"151","ecosystems",1
"152","efficiency",1
"153","efficient",1
"154","elements",1
"155","embodied",1
"156","energies",1
"157","environmental",1
"158","equitable",1
"159","especially",1
"160","eur",1
"161","evaluation",1
"162","events",1
"163","evidence",1
"164","example",1
"165","explained",1
"166","fast",1
"167","features",1
"168","february",1
"169","fields",1
"170","finance",1
"171","flexibilisation",1
"172","foreign",1
"173","foundations",1
"174","framework",1
"175","friendly",1
"176","general",1
"177","germany",1
"178","gesellschaft",1
"179","ggmbh",1
"180","giz",1
"181","global",1
"182","grant",1
"183","grids",1
"184","highly",1
"185","hours",1
"186","iati",1
"187","icm",1
"188","impact",1
"189","impacts",1
"190","implementation",1
"191","implemented",1
"192","india",1
"193","indonesia",1
"194","initiative",1
"195","initiatives",1
"196","instruments",1
"197","integration",1
"198","interactive",1
"199","interested",1
"200","internationale",1
"201","invited",1
"202","keep",1
"203","key",1
"204","kfw",1
"205","latin",1
"206","lazy",1
"207","legal",1
"208","level",1
"209","listed",1
"210","live",1
"211","load",1
"212","loading",1
"213","looks",1
"214","loop",1
"215","management",1
"216","marine",1
"217","materials",1
"218","methods",1
"219","mexico",1
"220","million",1
"221","mind",1
"222","mitigation",1
"223","mobility",1
"224","mondays",1
"225","monitoring",1
"226","mountain",1
"227","nam",1
"228","nap",1
"229","national",1
"230","negotiating",1
"231","networking",1
"232","notice",1
"233","now",1
"234","oecms",1
"235","online",1
"236","onload",1
"237","opens",1
"238","optimized",1
"239","outlines",1
"240","packs",1
"241","part",1
"242","patagonia",1
"243","people",1
"244","peru",1
"245","philippines",1
"246","philosophy",1
"247","phone",1
"248","policy",1
"249","preceded",1
"250","preserving",1
"251","press",1
"252","pricing",1
"253","privacy",1
"254","processes",1
"255","progress",1
"256","projectmap",1
"257","promotion",1
"258","proportions",1
"259","propulsion",1
"260","protected",1
"261","protecting",1
"262","public",1
"263","range",1
"264","receive",1
"265","recipients",1
"266","redd",1
"267","regional",1
"268","register",1
"269","relations",1
"270","renewable",1
"271","report",1
"272","reports",1
"273","request",1
"274","resource",1
"275","responding",1
"276","responsibility",1
"277","restoration",1
"278","rica",1
"279","save",1
"280","scaling",1
"281","seas",1
"282","seek",1
"283","selected",1
"284","seminar",1
"285","services",1
"286","set",1
"287","settrackerurl",1
"288","share",1
"289","solution",1
"290","south",1
"291","statusthe",1
"292","still",1
"293","strategy",1
"294","strengthen",1
"295","strengthening",1
"296","structures",1
"297","submitting",1
"298","successful",1
"299","supports",1
"300","sustainable",1
"301","system",1
"302","systems",1
"303","thailand",1
"304","tracker",1
"305","transparency",1
"306","treaty",1
"307","ukraine",1
"308","uses",1
"309","values",1
"310","viewable",1
"311","views",1
"312","visible",1
"313","volume",1
"314","webspecials",1
"315","within",1
"316","work",1
"317","world",1
"318","worldwide",1
"319","zug",1
"320","zukunft",1
